title,name,case_maf,ctrl_maf,direction,effect_size,function_class,function_score,gf0,gf2,maf,population_attributable_risk,pos,sites_removal,variant_class
Kryukov2009European1800,R1,0.000141782221649,9.45274076378e-05,d,1.5,ns,8.0,0.999810009025,9.025e-09,9.5e-05,9.49909767145e-05,0.00000000,False,r
Kryukov2009European1800,R1,4.22827974016e-05,2.81890586797e-05,d,1.5,ns,10.0,0.999943340803,8.025889e-10,2.833e-05,2.83291974566e-05,0.05201680,False,r
Kryukov2009European1800,R1,8.35820588962e-07,5.5721393194e-07,d,1.5,ns,11.0,0.99999888,3.136e-13,5.6e-07,5.5999968642e-07,0.00028355,False,r
Kryukov2009European1800,R1,4.97013841178e-06,3.31343289034e-06,d,1.5,ns,16.0,0.999993340011,1.10889e-11,3.33e-06,3.32998891114e-06,0.00000000,False,r
Kryukov2009European1800,R1,9.11936648473e-06,6.07960217386e-06,d,1.5,ns,20.0,0.999987780037,3.73321e-11,6.11e-06,6.10996266829e-06,0.00000000,False,r
Kryukov2009European1800,R1,3.73128217739e-05,2.48756249691e-05,d,1.5,ns,22.0,0.999950000625,6.25e-10,2.5e-05,2.49993750313e-05,0.00066521,False,r
Kryukov2009European1800,R1,1.65671521329e-06,1.10447761803e-06,d,1.5,ns,33.0,0.999997780001,1.2321e-12,1.11e-06,1.10999876792e-06,0.00535378,False,r
Kryukov2009European1800,R1,8.35820588962e-07,5.5721393194e-07,d,1.5,ns,39.0,0.99999888,3.136e-13,5.6e-07,5.5999968642e-07,0.00000000,False,r
Kryukov2009European1800,R1,2.9850355187e-05,1.99004994826e-05,d,1.5,ns,40.0,0.9999600004,4e-10,2e-05,1.9999600016e-05,0.00000000,False,r
Kryukov2009European1800,R1,2.90145558853e-05,1.93432854435e-05,d,1.5,ns,49.0,0.999961120378,3.779136e-10,1.944e-05,1.94396221011e-05,0.08973600,False,r
Kryukov2009European1800,R1,8.35820588962e-07,5.5721393194e-07,d,1.5,ns,63.0,0.99999888,3.136e-13,5.6e-07,5.5999968642e-07,0.00142058,False,r
Kryukov2009European1800,R1,1.49252753628e-05,9.95024924877e-06,d,1.5,ns,73.0,0.9999800001,1e-10,1e-05,9.99990000195e-06,0.00002544,False,r
Kryukov2009European1800,R1,8.35820588962e-07,5.5721393194e-07,d,1.5,ns,74.0,0.99999888,3.136e-13,5.6e-07,5.5999968642e-07,0.00000000,False,r
Kryukov2009European1800,R1,4.14924617514e-06,2.7661691922e-06,d,1.5,ns,77.0,0.999994440008,7.7284e-12,2.78e-06,2.77999227164e-06,0.00000000,False,r
Kryukov2009European1800,R1,8.35820588962e-07,5.5721393194e-07,d,1.5,ns,84.0,0.99999888,3.136e-13,5.6e-07,5.5999968642e-07,0.00118032,False,r
Kryukov2009European1800,R1,3.31342801735e-06,2.20895524827e-06,d,1.5,ns,94.0,0.999995560005,4.9284e-12,2.22e-06,2.21999507168e-06,0.00000000,False,r
Kryukov2009European1800,R1,1.65671521329e-06,1.10447761803e-06,d,1.5,ns,102.0,0.999997780001,1.2321e-12,1.11e-06,1.10999876792e-06,0.00123360,False,r
Kryukov2009European1800,R1,1.65671521329e-06,1.10447761803e-06,d,1.5,ns,106.0,0.999997780001,1.2321e-12,1.11e-06,1.10999876792e-06,0.00000000,False,r
Kryukov2009European1800,R1,3.23428244637e-05,2.15621913677e-05,d,1.5,ns,113.0,0.99995666047,4.695889e-10,2.167e-05,2.16695304314e-05,0.00080727,False,r
Kryukov2009European1800,R1,6.62684639724e-06,4.4179105449e-06,d,1.5,ns,115.0,0.99999112002,1.97136e-11,4.44e-06,4.43998028659e-06,0.00569143,False,r
Kryukov2009European1800,R1,1.90744671777e-05,1.2716418715e-05,d,1.5,ns,118.0,0.999974440163,1.633284e-10,1.278e-05,1.27798366758e-05,0.00144115,False,r
Kryukov2009European1800,R1,2.73578804569e-05,1.8238807625e-05,d,1.5,ns,122.0,0.999963340336,3.359889e-10,1.833e-05,1.83296640234e-05,0.00663952,False,r
Kryukov2009European1800,R1,8.35820588962e-07,5.5721393194e-07,d,1.5,ns,125.0,0.99999888,3.136e-13,5.6e-07,5.5999968642e-07,0.00358856,False,r
Kryukov2009European1800,R1,8.35820588962e-07,5.5721393194e-07,d,1.5,ns,127.0,0.99999888,3.136e-13,5.6e-07,5.5999968642e-07,0.02211100,False,r
Kryukov2009European1800,R1,8.35820588962e-07,5.5721393194e-07,d,1.5,ns,129.0,0.99999888,3.136e-13,5.6e-07,5.5999968642e-07,0.00000000,False,r
Kryukov2009European1800,R1,2.49253458667e-06,1.66169155602e-06,d,1.5,ns,130.0,0.999996660003,2.7889e-12,1.67e-06,1.66999721107e-06,0.00553579,False,r
Kryukov2009European1800,R1,8.35820588962e-07,5.5721393194e-07,d,1.5,ns,131.0,0.99999888,3.136e-13,5.6e-07,5.5999968642e-07,0.00506525,False,r
Kryukov2009European1800,R1,4.14924617514e-06,2.7661691922e-06,d,1.5,ns,134.0,0.999994440008,7.7284e-12,2.78e-06,2.77999227164e-06,0.00070663,False,r
Kryukov2009European1800,R1,2.49253458667e-06,1.66169155602e-06,d,1.5,ns,136.0,0.999996660003,2.7889e-12,1.67e-06,1.66999721107e-06,0.00004738,False,r
Kryukov2009European1800,R1,1.49252753628e-05,9.95024924877e-06,d,1.5,ns,137.0,0.9999800001,1e-10,1e-05,9.99990000195e-06,0.01512440,False,r
Kryukov2009European1800,R1,3.98052747237e-05,2.65373169364e-05,d,1.5,ns,138.0,0.999946660711,7.112889e-10,2.667e-05,2.6669288749e-05,0.00000000,False,r
Kryukov2009European1800,R1,8.35820588962e-07,5.5721393194e-07,d,1.5,ns,139.0,0.99999888,3.136e-13,5.6e-07,5.5999968642e-07,0.00841067,False,r
Kryukov2009European1800,R1,6.62684639724e-06,4.4179105449e-06,d,1.5,ns,142.0,0.99999112002,1.97136e-11,4.44e-06,4.43998028659e-06,0.02332390,False,r
Kryukov2009European1800,R1,8.35820588962e-07,5.5721393194e-07,d,1.5,ns,143.0,0.99999888,3.136e-13,5.6e-07,5.5999968642e-07,0.00007734,False,r
Kryukov2009European1800,R1,6.46698062046e-05,4.31144371085e-05,d,1.5,ns,145.0,0.999913341877,1.8774889e-09,4.333e-05,4.33281226738e-05,0.00038246,False,r
Kryukov2009European1800,R1,8.35820588962e-07,5.5721393194e-07,d,1.5,ns,146.0,0.99999888,3.136e-13,5.6e-07,5.5999968642e-07,0.00000000,False,r
Kryukov2009European1800,R1,0.00120416938779,0.00080320718968,d,1.5,ns,153.0,0.998386211604,6.516041284e-07,0.00080722,0.000806569446575,0.00542000,False,r
Kryukov2009European1800,R1,2.49253458667e-06,1.66169155602e-06,d,1.5,ns,158.0,0.999996660003,2.7889e-12,1.67e-06,1.66999721107e-06,0.00000000,False,r
Kryukov2009European1800,R1,1.823865997e-05,1.21592047157e-05,d,1.5,ns,160.0,0.999975560149,1.493284e-10,1.222e-05,1.22198506752e-05,0.00082892,False,r
Kryukov2009European1800,R1,9.11936648473e-06,6.07960217386e-06,d,1.5,ns,161.0,0.999987780037,3.73321e-11,6.11e-06,6.10996266829e-06,0.00040278,False,r
Kryukov2009European1800,R1,1.65671521329e-06,1.10447761803e-06,d,1.5,ns,174.0,0.999997780001,1.2321e-12,1.11e-06,1.10999876792e-06,0.03284680,False,r
Kryukov2009European1800,R1,2.9850355187e-05,1.99004994826e-05,d,1.5,ns,175.0,0.9999600004,4e-10,2e-05,1.9999600016e-05,0.00000000,False,r
Kryukov2009European1800,R1,9.11936648473e-06,6.07960217386e-06,d,1.5,ns,176.0,0.999987780037,3.73321e-11,6.11e-06,6.10996266829e-06,0.00000000,False,r
Kryukov2009European1800,R1,1.07760684361e-05,7.18407985867e-06,d,1.5,ns,183.0,0.999985560052,5.21284e-11,7.22e-06,7.21994787232e-06,0.00470329,False,r
Kryukov2009European1800,R1,4.14924617514e-06,2.7661691922e-06,d,1.5,ns,184.0,0.999994440008,7.7284e-12,2.78e-06,2.77999227164e-06,0.00000000,False,r
Kryukov2009European1800,R1,1.1611881119e-05,7.74129383047e-06,d,1.5,ns,191.0,0.999984440061,6.05284e-11,7.78e-06,7.77993947257e-06,0.05111300,False,r
Kryukov2009European1800,R1,8.35820588962e-07,5.5721393194e-07,d,1.5,ns,192.0,0.99999888,3.136e-13,5.6e-07,5.5999968642e-07,0.00000000,False,r
Kryukov2009European1800,R1,4.97013841178e-06,3.31343289034e-06,d,1.5,ns,202.0,0.999993340011,1.10889e-11,3.33e-06,3.32998891114e-06,0.00175697,False,r
Kryukov2009European1800,R1,5.63866642211e-05,3.75920468315e-05,d,1.5,ns,205.0,0.999924441427,1.4273284e-09,3.778e-05,3.77785727794e-05,0.00157793,False,r
Kryukov2009European1800,R1,5.80595535427e-06,3.87064684071e-06,d,1.5,ns,207.0,0.999992220015,1.51321e-11,3.89e-06,3.88998486802e-06,0.00491156,False,r
Kryukov2009European1800,R1,4.14924617514e-06,2.7661691922e-06,d,1.5,ns,214.0,0.999994440008,7.7284e-12,2.78e-06,2.77999227164e-06,0.03237350,False,r
Kryukov2009European1800,R1,9.11936648473e-06,6.07960217386e-06,d,1.5,ns,216.0,0.999987780037,3.73321e-11,6.11e-06,6.10996266829e-06,0.00000000,False,r
Kryukov2009European1800,R1,2.2387839717e-05,1.49253742425e-05,d,1.5,ns,222.0,0.999970000225,2.25e-10,1.5e-05,1.49997750067e-05,0.00000000,False,r
Kryukov2009European1800,R1,0.000138469196342,9.23184503606e-05,d,1.5,ns,226.0,0.999814448608,8.6081284e-09,9.278e-05,9.27713934687e-05,0.00000000,False,r
Kryukov2009European1800,R1,1.65671521329e-06,1.10447761803e-06,d,1.5,ns,234.0,0.999997780001,1.2321e-12,1.11e-06,1.10999876792e-06,0.03026050,False,r
Kryukov2009European1800,R1,1.24327679782e-05,8.28855755564e-06,d,1.5,ns,235.0,0.999983340069,6.93889e-11,8.33e-06,8.32993061224e-06,0.00000000,False,r
Kryukov2009European1800,R1,4.14924617514e-06,2.7661691922e-06,d,1.5,ns,243.0,0.999994440008,7.7284e-12,2.78e-06,2.77999227164e-06,0.09942030,False,r
Kryukov2009European1800,R1,2.49253458667e-06,1.66169155602e-06,d,1.5,ns,244.0,0.999996660003,2.7889e-12,1.67e-06,1.66999721107e-06,0.00000000,False,r
Kryukov2009European1800,R1,3.31342801735e-06,2.20895524827e-06,d,1.5,ns,252.0,0.999995560005,4.9284e-12,2.22e-06,2.21999507168e-06,0.00145790,False,r
Kryukov2009European1800,R1,3.31342801735e-06,2.20895524827e-06,d,1.5,ns,254.0,0.999995560005,4.9284e-12,2.22e-06,2.21999507168e-06,0.00000000,False,r
Kryukov2009European1800,R1,8.35820588962e-07,5.5721393194e-07,d,1.5,ns,256.0,0.99999888,3.136e-13,5.6e-07,5.5999968642e-07,0.00000000,False,r
Kryukov2009European1800,R1,3.31342801735e-06,2.20895524827e-06,d,1.5,ns,258.0,0.999995560005,4.9284e-12,2.22e-06,2.21999507168e-06,0.00597568,False,r
Kryukov2009European1800,R1,2.49253458667e-06,1.66169155602e-06,d,1.5,ns,263.0,0.999996660003,2.7889e-12,1.67e-06,1.66999721107e-06,0.01084640,False,r
Kryukov2009European1800,R1,1.57610850016e-05,1.05074632359e-05,d,1.5,ns,264.0,0.999978880112,1.115136e-10,1.056e-05,1.05598884888e-05,0.00000000,False,r
Kryukov2009European1800,R1,8.35820588962e-07,5.5721393194e-07,d,1.5,ns,272.0,0.99999888,3.136e-13,5.6e-07,5.5999968642e-07,0.03007500,False,r
Kryukov2009European1800,R1,3.73128217739e-05,2.48756249691e-05,d,1.5,ns,278.0,0.999950000625,6.25e-10,2.5e-05,2.49993750313e-05,0.00066711,False,r
Kryukov2009European1800,R1,3.06861538755e-05,2.04577135249e-05,d,1.5,ns,279.0,0.999958880423,4.227136e-10,2.056e-05,2.05595773037e-05,0.00000000,False,r
Kryukov2009European1800,R1,1.24327679782e-05,8.28855755564e-06,d,1.5,ns,286.0,0.999983340069,6.93889e-11,8.33e-06,8.32993061224e-06,0.00000000,False,r
Kryukov2009European1800,R1,4.89243225768e-05,3.26169207156e-05,d,1.5,ns,290.0,0.999934441075,1.0745284e-09,3.278e-05,3.2778925542e-05,0.00000000,False,r
Kryukov2009European1800,R1,1.65671521329e-06,1.10447761803e-06,d,1.5,ns,302.0,0.999997780001,1.2321e-12,1.11e-06,1.10999876792e-06,0.00000000,False,r
Kryukov2009European1800,R1,8.35820588962e-07,5.5721393194e-07,d,1.5,ns,306.0,0.99999888,3.136e-13,5.6e-07,5.5999968642e-07,0.00016908,False,r
Kryukov2009European1800,R1,4.97013841178e-06,3.31343289034e-06,d,1.5,ns,307.0,0.999993340011,1.10889e-11,3.33e-06,3.32998891114e-06,0.00000000,False,r
Kryukov2009European1800,R1,1.32685794456e-05,8.84577153354e-06,d,1.5,ns,309.0,0.999982220079,7.90321e-11,8.89e-06,8.88992096934e-06,0.00008735,False,r
Kryukov2009European1800,R1,1.65671521329e-06,1.10447761803e-06,d,1.5,ns,310.0,0.999997780001,1.2321e-12,1.11e-06,1.10999876792e-06,0.00399865,False,r
Kryukov2009European1800,R1,0.00023712457396,0.00015809962684,d,1.5,ns,322.0,0.999682245246,2.52460321e-08,0.00015889,0.000158864761989,0.00327199,False,r
Kryukov2009European1800,R1,9.11936648473e-06,6.07960217386e-06,d,1.5,ns,323.0,0.999987780037,3.73321e-11,6.11e-06,6.10996266829e-06,0.00004104,False,r
Kryukov2009European1800,R1,8.35820588962e-07,5.5721393194e-07,d,1.5,ns,326.0,0.99999888,3.136e-13,5.6e-07,5.5999968642e-07,0.00346994,False,r
Kryukov2009European1800,R1,7.46266212415e-06,4.97512450132e-06,d,1.5,ns,327.0,0.999990000025,2.5e-11,5e-06,4.99997500028e-06,0.00383899,False,r
Kryukov2009European1800,R1,8.35820588962e-07,5.5721393194e-07,d,1.5,ns,328.0,0.99999888,3.136e-13,5.6e-07,5.5999968642e-07,0.00703425,False,r
Kryukov2009European1800,R1,1.65671521329e-06,1.10447761803e-06,d,1.5,ns,335.0,0.999997780001,1.2321e-12,1.11e-06,1.10999876792e-06,0.00024171,False,r
Kryukov2009European1800,R1,4.5611027217e-05,3.04079647991e-05,d,1.5,ns,340.0,0.999938880934,9.339136e-10,3.056e-05,3.05590661435e-05,0.00000000,False,r
Kryukov2009European1800,R1,8.35820588962e-07,5.5721393194e-07,d,1.5,ns,346.0,0.99999888,3.136e-13,5.6e-07,5.5999968642e-07,0.00000000,False,r
Kryukov2009European1800,R1,1.32685794456e-05,8.84577153354e-06,d,1.5,ns,347.0,0.999982220079,7.90321e-11,8.89e-06,8.88992096934e-06,0.00592133,False,r
Kryukov2009European1800,R1,4.14924617514e-06,2.7661691922e-06,d,1.5,ns,352.0,0.999994440008,7.7284e-12,2.78e-06,2.77999227164e-06,0.00000000,False,r
Kryukov2009European1800,R1,0.00650873847259,0.0043516663509,d,1.5,ns,356.0,0.991272466015,1.91260152889e-05,0.00437333,0.00435437018399,0.00052105,False,r
Kryukov2009European1800,R1,0.0001600186119,0.00010668662379,d,1.5,ns,358.0,0.999785571496,1.14961284e-08,0.00010722,0.000107208506336,0.00000000,False,r
Kryukov2009European1800,R1,1.65671521329e-06,1.10447761803e-06,d,1.5,ns,361.0,0.999997780001,1.2321e-12,1.11e-06,1.10999876792e-06,0.00693981,False,r
Kryukov2009European1800,R1,0.00026199972124,0.000174686718979,d,1.5,ns,370.0,0.999648910821,3.08213136e-08,0.00017556,0.000175529189505,0.00050232,False,r
Kryukov2009European1800,R1,4.14924617514e-06,2.7661691922e-06,d,1.5,ns,380.0,0.999994440008,7.7284e-12,2.78e-06,2.77999227164e-06,0.00409856,False,r
Kryukov2009European1800,R1,8.35820588962e-07,5.5721393194e-07,d,1.5,ns,388.0,0.99999888,3.136e-13,5.6e-07,5.5999968642e-07,0.00463615,False,r
Kryukov2009European1800,R1,1.07760684361e-05,7.18407985867e-06,d,1.5,ns,389.0,0.999985560052,5.21284e-11,7.22e-06,7.21994787232e-06,0.00013117,False,r
Kryukov2009European1800,R1,6.62684639724e-06,4.4179105449e-06,d,1.5,ns,392.0,0.99999112002,1.97136e-11,4.44e-06,4.43998028659e-06,0.00000000,False,r
Kryukov2009European1800,R1,1.57610850016e-05,1.05074632359e-05,d,1.5,ns,405.0,0.999978880112,1.115136e-10,1.056e-05,1.05598884888e-05,0.00000000,False,r
Kryukov2009European1800,R1,8.954871921e-05,5.97015102695e-05,d,1.5,ns,406.0,0.9998800036,3.6e-09,6e-05,5.99964004319e-05,0.00013805,False,r
Kryukov2009European1800,R1,3.31342801735e-06,2.20895524827e-06,d,1.5,ns,411.0,0.999995560005,4.9284e-12,2.22e-06,2.21999507168e-06,0.00000000,False,r
Kryukov2009European1800,R1,8.35820588962e-07,5.5721393194e-07,d,1.5,ns,412.0,0.99999888,3.136e-13,5.6e-07,5.5999968642e-07,0.00047624,False,r
Kryukov2009European1800,R1,9.45184669602e-05,6.30149451283e-05,d,1.5,ns,418.0,0.999873344011,4.0106889e-09,6.333e-05,6.33259898191e-05,0.00077861,False,r
Kryukov2009European1800,R1,5.30733905646e-05,3.53830908057e-05,d,1.5,ns,419.0,0.999928881265,1.2645136e-09,3.556e-05,3.55587355764e-05,0.00200185,False,r
Kryukov2009European1800,R1,1.65671521329e-06,1.10447761803e-06,d,1.5,ns,425.0,0.999997780001,1.2321e-12,1.11e-06,1.10999876792e-06,0.01098590,False,r
Kryukov2009European1800,R1,1.40894651113e-05,9.39303526487e-06,d,1.5,ns,427.0,0.999981120089,8.91136e-11,9.44e-06,9.43991088811e-06,0.00646784,False,r
Kryukov2009European1800,R1,8.35820588962e-07,5.5721393194e-07,d,1.5,ns,433.0,0.99999888,3.136e-13,5.6e-07,5.5999968642e-07,0.00000000,False,r
Kryukov2009European1800,R1,7.46266212415e-06,4.97512450132e-06,d,1.5,ns,437.0,0.999990000025,2.5e-11,5e-06,4.99997500028e-06,0.00239811,False,r
Kryukov2009European1800,R1,2.49253458667e-06,1.66169155602e-06,d,1.5,ns,450.0,0.999996660003,2.7889e-12,1.67e-06,1.66999721107e-06,0.00001611,False,r
Kryukov2009European1800,R1,8.35820588962e-07,5.5721393194e-07,d,1.5,ns,453.0,0.99999888,3.136e-13,5.6e-07,5.5999968642e-07,0.00000000,False,r
Kryukov2009European1800,R1,1.07760684361e-05,7.18407985867e-06,d,1.5,ns,458.0,0.999985560052,5.21284e-11,7.22e-06,7.21994787232e-06,0.00000000,False,r
Kryukov2009European1800,R1,2.32236438807e-05,1.54825882573e-05,d,1.5,ns,459.0,0.999968880242,2.421136e-10,1.556e-05,1.5559757894e-05,0.02386140,False,r
Kryukov2009European1800,R1,0.00010530856537,7.02089797472e-05,d,1.5,ns,470.0,0.999858884979,4.9787136e-09,7.056e-05,7.0555021989e-05,0.00000000,False,r
Kryukov2009European1800,R1,1.07760684361e-05,7.18407985867e-06,d,1.5,ns,477.0,0.999985560052,5.21284e-11,7.22e-06,7.21994787232e-06,0.00000000,False,r
Kryukov2009European1800,R1,1.65671521329e-06,1.10447761803e-06,d,1.5,ns,482.0,0.999997780001,1.2321e-12,1.11e-06,1.10999876792e-06,0.00001103,False,r
Kryukov2009European1800,R1,1.65671521329e-06,1.10447761803e-06,d,1.5,ns,483.0,0.999997780001,1.2321e-12,1.11e-06,1.10999876792e-06,0.00000000,False,r
Kryukov2009European1800,R1,8.35820588962e-07,5.5721393194e-07,d,1.5,ns,489.0,0.99999888,3.136e-13,5.6e-07,5.5999968642e-07,0.03146480,False,r
Kryukov2009European1800,R1,8.35820588962e-07,5.5721393194e-07,d,1.5,ns,492.0,0.99999888,3.136e-13,5.6e-07,5.5999968642e-07,0.00007353,False,r
Kryukov2009European1800,R1,5.80595535427e-06,3.87064684071e-06,d,1.5,ns,495.0,0.999992220015,1.51321e-11,3.89e-06,3.88998486802e-06,0.04718970,False,r
Kryukov2009European1800,R1,1.74177772942e-05,1.16119409693e-05,d,1.5,ns,502.0,0.999976660136,1.361889e-10,1.167e-05,1.16698638143e-05,0.00004122,False,r
Kryukov2009European1800,R1,1.1611881119e-05,7.74129383047e-06,d,1.5,ns,504.0,0.999984440061,6.05284e-11,7.78e-06,7.77993947257e-06,0.00000000,False,r
Kryukov2009European1800,R1,1.90744671777e-05,1.2716418715e-05,d,1.5,ns,506.0,0.999974440163,1.633284e-10,1.278e-05,1.27798366758e-05,0.00010362,False,r
Kryukov2009European1800,R1,1.24327679782e-05,8.28855755564e-06,d,1.5,ns,510.0,0.999983340069,6.93889e-11,8.33e-06,8.32993061224e-06,0.00693098,False,r
Kryukov2009European1800,R1,3.31342801735e-06,2.20895524827e-06,d,1.5,ns,512.0,0.999995560005,4.9284e-12,2.22e-06,2.21999507168e-06,0.00453493,False,r
Kryukov2009European1800,R1,5.80595535427e-06,3.87064684071e-06,d,1.5,ns,513.0,0.999992220015,1.51321e-11,3.89e-06,3.88998486802e-06,0.00158250,False,r
Kryukov2009European1800,R1,3.31342801735e-06,2.20895524827e-06,d,1.5,ns,514.0,0.999995560005,4.9284e-12,2.22e-06,2.21999507168e-06,0.00000000,False,r
Kryukov2009European1800,R1,6.62684639724e-06,4.4179105449e-06,d,1.5,ns,515.0,0.99999112002,1.97136e-11,4.44e-06,4.43998028659e-06,0.00006974,False,r
Kryukov2009European1800,R1,8.35820588962e-07,5.5721393194e-07,d,1.5,ns,528.0,0.99999888,3.136e-13,5.6e-07,5.5999968642e-07,0.00006638,False,r
Kryukov2009European1800,R1,6.62684639724e-06,4.4179105449e-06,d,1.5,ns,534.0,0.99999112002,1.97136e-11,4.44e-06,4.43998028659e-06,0.00298888,False,r
Kryukov2009European1800,R1,0.000168315923606,0.000112218968123,d,1.5,ns,544.0,0.999774452719,1.27193284e-08,0.00011278,0.00011276728354,0.00008030,False,r
Kryukov2009European1800,R1,3.31342801735e-06,2.20895524827e-06,d,1.5,ns,554.0,0.999995560005,4.9284e-12,2.22e-06,2.21999507168e-06,0.00289936,False,r
Kryukov2009European1800,R1,1.823865997e-05,1.21592047157e-05,d,1.5,ns,556.0,0.999975560149,1.493284e-10,1.222e-05,1.22198506752e-05,0.00881992,False,r
Kryukov2009European1800,R1,8.87129637052e-05,5.91442960098e-05,d,1.5,ns,566.0,0.999881123533,3.5331136e-09,5.944e-05,5.94364673064e-05,0.00029065,False,r
Kryukov2009European1800,R1,2.49253458667e-06,1.66169155602e-06,d,1.5,ns,567.0,0.999996660003,2.7889e-12,1.67e-06,1.66999721107e-06,0.00000000,False,r
Kryukov2009European1800,R1,1.32685794456e-05,8.84577153354e-06,d,1.5,ns,577.0,0.999982220079,7.90321e-11,8.89e-06,8.88992096934e-06,0.06477370,False,r
Kryukov2009European1800,R1,3.31342801735e-06,2.20895524827e-06,d,1.5,ns,594.0,0.999995560005,4.9284e-12,2.22e-06,2.21999507168e-06,0.03719630,False,r
Kryukov2009European1800,R1,1.65671521329e-06,1.10447761803e-06,d,1.5,ns,602.0,0.999997780001,1.2321e-12,1.11e-06,1.10999876792e-06,0.00007819,False,r
Kryukov2009European1800,R1,1.65671521329e-06,1.10447761803e-06,d,1.5,ns,608.0,0.999997780001,1.2321e-12,1.11e-06,1.10999876792e-06,0.00008486,False,r
Kryukov2009European1800,R1,3.15070269909e-05,2.10049773194e-05,d,1.5,ns,609.0,0.999957780446,4.456321e-10,2.111e-05,2.11095543868e-05,0.02475830,False,r
Kryukov2009European1800,R1,3.31342801735e-06,2.20895524827e-06,d,1.5,ns,613.0,0.999995560005,4.9284e-12,2.22e-06,2.21999507168e-06,0.00041851,False,r
Kryukov2009European1800,R1,3.31342801735e-06,2.20895524827e-06,d,1.5,ns,623.0,0.999995560005,4.9284e-12,2.22e-06,2.21999507168e-06,0.04183270,False,r
Kryukov2009European1800,R1,1.65671521329e-06,1.10447761803e-06,d,1.5,ns,624.0,0.999997780001,1.2321e-12,1.11e-06,1.10999876792e-06,0.06330900,False,r
Kryukov2009European1800,R1,1.32685794456e-05,8.84577153354e-06,d,1.5,ns,626.0,0.999982220079,7.90321e-11,8.89e-06,8.88992096934e-06,0.00000000,False,r
Kryukov2009European1800,R1,4.14924617514e-06,2.7661691922e-06,d,1.5,ns,628.0,0.999994440008,7.7284e-12,2.78e-06,2.77999227164e-06,0.02104500,False,r
Kryukov2009European1800,R1,4.97013841178e-06,3.31343289034e-06,d,1.5,ns,631.0,0.999993340011,1.10889e-11,3.33e-06,3.32998891114e-06,0.00014461,False,r
Kryukov2009European1800,R1,1.823865997e-05,1.21592047157e-05,d,1.5,ns,635.0,0.999975560149,1.493284e-10,1.222e-05,1.22198506752e-05,0.00054628,False,r
Kryukov2009European1800,R1,0.000442705017467,0.000295194463371,d,1.5,ns,638.0,0.999406748013,8.80130889e-08,0.00029667,0.00029658203911,0.00267609,False,r
Kryukov2009European1800,R1,1.40894651113e-05,9.39303526487e-06,d,1.5,ns,640.0,0.999981120089,8.91136e-11,9.44e-06,9.43991088811e-06,0.00000000,False,r
Kryukov2009European1800,R1,3.31342801735e-06,2.20895524827e-06,d,1.5,ns,651.0,0.999995560005,4.9284e-12,2.22e-06,2.21999507168e-06,0.00000000,False,r
Kryukov2009European1800,R1,3.31342801735e-06,2.20895524827e-06,d,1.5,ns,652.0,0.999995560005,4.9284e-12,2.22e-06,2.21999507168e-06,0.00000000,False,r
Kryukov2009European1800,R1,2.49253458667e-06,1.66169155602e-06,d,1.5,ns,662.0,0.999996660003,2.7889e-12,1.67e-06,1.66999721107e-06,0.00000000,False,r
Kryukov2009European1800,R1,8.35820588962e-07,5.5721393194e-07,d,1.5,ns,664.0,0.99999888,3.136e-13,5.6e-07,5.5999968642e-07,0.00006451,False,r
Kryukov2009European1800,R1,1.65671521329e-06,1.10447761803e-06,d,1.5,ns,665.0,0.999997780001,1.2321e-12,1.11e-06,1.10999876792e-06,0.00067925,False,r
Kryukov2009European1800,R1,1.49252753628e-05,9.95024924877e-06,d,1.5,ns,666.0,0.9999800001,1e-10,1e-05,9.99990000195e-06,0.00124335,False,r
Kryukov2009European1800,R1,7.62810281779e-05,5.08557342599e-05,d,1.5,ns,670.0,0.999897782612,2.6122321e-09,5.111e-05,5.11073880349e-05,0.00948434,False,r
Kryukov2009European1800,R1,1.65671521329e-06,1.10447761803e-06,d,1.5,ns,684.0,0.999997780001,1.2321e-12,1.11e-06,1.10999876792e-06,0.00053893,False,r
Kryukov2009European1800,R1,4.64318895778e-05,3.09552286478e-05,d,1.5,ns,695.0,0.999937780968,9.678321e-10,3.111e-05,3.11090322281e-05,0.00000000,False,r
Kryukov2009European1800,R1,1.65671521329e-06,1.10447761803e-06,d,1.5,ns,698.0,0.999997780001,1.2321e-12,1.11e-06,1.10999876792e-06,0.00030190,False,r
Kryukov2009European1800,R1,2.49253458667e-06,1.66169155602e-06,d,1.5,ns,699.0,0.999996660003,2.7889e-12,1.67e-06,1.66999721107e-06,0.01081760,False,r
Kryukov2009European1800,R1,2.49253458667e-06,1.66169155602e-06,d,1.5,ns,701.0,0.999996660003,2.7889e-12,1.67e-06,1.66999721107e-06,0.00000000,False,r
Kryukov2009European1800,R1,8.35820588962e-07,5.5721393194e-07,d,1.5,ns,708.0,0.99999888,3.136e-13,5.6e-07,5.5999968642e-07,0.00072308,False,r
Kryukov2009European1800,R1,3.3999492643e-05,2.26666692227e-05,d,1.5,ns,712.0,0.999954440519,5.189284e-10,2.278e-05,2.27794810953e-05,0.02585010,False,r
Kryukov2009European1800,R1,1.65671521329e-06,1.10447761803e-06,d,1.5,ns,716.0,0.999997780001,1.2321e-12,1.11e-06,1.10999876792e-06,0.01204260,False,r
Kryukov2009European1800,R1,8.35820588962e-07,5.5721393194e-07,d,1.5,ns,718.0,0.99999888,3.136e-13,5.6e-07,5.5999968642e-07,0.00020632,False,r
Kryukov2009European1800,R1,8.29847723777e-06,5.53233846068e-06,d,1.5,ns,725.0,0.999988880031,3.09136e-11,5.56e-06,5.5599690867e-06,0.00006232,False,r
Kryukov2009European1800,R1,0.000180746854855,0.000120507534934,d,1.5,ns,727.0,0.999757794668,1.46676321e-08,0.00012111,0.00012109533592,0.00116412,False,r
Kryukov2009European1800,R1,8.35820588962e-07,5.5721393194e-07,d,1.5,ns,749.0,0.99999888,3.136e-13,5.6e-07,5.5999968642e-07,0.04665900,False,r
Kryukov2009European1800,R1,7.46266212415e-06,4.97512450132e-06,d,1.5,ns,754.0,0.999990000025,2.5e-11,5e-06,4.99997500028e-06,0.00003728,False,r
Kryukov2009European1800,R1,3.73128217739e-05,2.48756249691e-05,d,1.5,ns,758.0,0.999950000625,6.25e-10,2.5e-05,2.49993750313e-05,0.02761120,False,r
Kryukov2009European1800,R1,8.35820588962e-07,5.5721393194e-07,d,1.5,ns,764.0,0.99999888,3.136e-13,5.6e-07,5.5999968642e-07,0.00130780,False,r
Kryukov2009European1800,R1,8.35820588962e-07,5.5721393194e-07,d,1.5,ns,775.0,0.99999888,3.136e-13,5.6e-07,5.5999968642e-07,0.02147450,False,r
Kryukov2009European1800,R1,0.000120232461134,8.0159235947e-05,d,1.5,ns,777.0,0.99983888649,6.4899136e-09,8.056e-05,8.05535111319e-05,0.00097168,False,r
Kryukov2009European1800,R1,3.31342801735e-06,2.20895524827e-06,d,1.5,ns,778.0,0.999995560005,4.9284e-12,2.22e-06,2.21999507168e-06,0.00104193,False,r
Kryukov2009European1800,R1,4.97013841178e-06,3.31343289034e-06,d,1.5,ns,782.0,0.999993340011,1.10889e-11,3.33e-06,3.32998891114e-06,0.04306500,False,r
Kryukov2009European1800,R1,5.80595535427e-06,3.87064684071e-06,d,1.5,ns,783.0,0.999992220015,1.51321e-11,3.89e-06,3.88998486802e-06,0.02150110,False,r
Kryukov2009European1800,R1,7.62810281779e-05,5.08557342599e-05,d,1.5,ns,787.0,0.999897782612,2.6122321e-09,5.111e-05,5.11073880349e-05,0.01119130,False,r
Kryukov2009European1800,R1,1.65671521329e-06,1.10447761803e-06,d,1.5,ns,790.0,0.999997780001,1.2321e-12,1.11e-06,1.10999876792e-06,0.04970210,False,r
Kryukov2009European1800,R1,9.11936648473e-06,6.07960217386e-06,d,1.5,ns,792.0,0.999987780037,3.73321e-11,6.11e-06,6.10996266829e-06,0.00000000,False,r
Kryukov2009European1800,R1,1.07760684361e-05,7.18407985867e-06,d,1.5,ns,800.0,0.999985560052,5.21284e-11,7.22e-06,7.21994787232e-06,0.00000000,False,r
Kryukov2009European1800,R1,5.80595535427e-06,3.87064684071e-06,d,1.5,ns,803.0,0.999992220015,1.51321e-11,3.89e-06,3.88998486802e-06,0.00412110,False,r
Kryukov2009European1800,R1,1.65671521329e-06,1.10447761803e-06,d,1.5,ns,808.0,0.999997780001,1.2321e-12,1.11e-06,1.10999876792e-06,0.00841437,False,r
Kryukov2009European1800,R1,1.65671521329e-06,1.10447761803e-06,d,1.5,ns,819.0,0.999997780001,1.2321e-12,1.11e-06,1.10999876792e-06,0.00143236,False,r
Kryukov2009European1800,R1,1.32685794456e-05,8.84577153354e-06,d,1.5,ns,824.0,0.999982220079,7.90321e-11,8.89e-06,8.88992096934e-06,0.02029870,False,r
Kryukov2009European1800,R1,8.35820588962e-07,5.5721393194e-07,d,1.5,ns,827.0,0.99999888,3.136e-13,5.6e-07,5.5999968642e-07,0.08709510,False,r
Kryukov2009European1800,R1,4.97013841178e-06,3.31343289034e-06,d,1.5,ns,829.0,0.999993340011,1.10889e-11,3.33e-06,3.32998891114e-06,0.00000000,False,r
Kryukov2009European1800,R1,0.000266968716771,0.000178000157628,d,1.5,ns,831.0,0.999642252002,3.20016321e-08,0.00017889,0.000178858009814,0.00001240,False,r
Kryukov2009European1800,R1,2.49253458667e-06,1.66169155602e-06,d,1.5,ns,833.0,0.999996660003,2.7889e-12,1.67e-06,1.66999721107e-06,0.00048784,False,r
Kryukov2009European1800,R1,1.823865997e-05,1.21592047157e-05,d,1.5,ns,839.0,0.999975560149,1.493284e-10,1.222e-05,1.22198506752e-05,0.00000000,False,r
Kryukov2009European1800,R1,8.35820588962e-07,5.5721393194e-07,d,1.5,ns,841.0,0.99999888,3.136e-13,5.6e-07,5.5999968642e-07,0.00040203,False,r
Kryukov2009European1800,R1,8.35820588962e-07,5.5721393194e-07,d,1.5,ns,845.0,0.99999888,3.136e-13,5.6e-07,5.5999968642e-07,0.03854510,False,r
Kryukov2009European1800,R1,3.81486149874e-05,2.54328390388e-05,d,1.5,ns,849.0,0.999948880653,6.533136e-10,2.556e-05,2.55593467198e-05,0.00000000,False,r
Kryukov2009European1800,R1,8.35820588962e-07,5.5721393194e-07,d,1.5,ns,850.0,0.99999888,3.136e-13,5.6e-07,5.5999968642e-07,0.00256628,False,r
Kryukov2009European1800,R1,8.35820588962e-07,5.5721393194e-07,d,1.5,ns,857.0,0.99999888,3.136e-13,5.6e-07,5.5999968642e-07,0.00000000,False,r
Kryukov2009European1800,R1,8.35820588962e-07,5.5721393194e-07,d,1.5,ns,858.0,0.99999888,3.136e-13,5.6e-07,5.5999968642e-07,0.00000000,False,r
Kryukov2009European1800,R1,2.0731154652e-05,1.38208964727e-05,d,1.5,ns,862.0,0.999972220193,1.929321e-10,1.389e-05,1.38898070732e-05,0.00000000,False,r
Kryukov2009European1800,R1,2.49253458667e-06,1.66169155602e-06,d,1.5,ns,864.0,0.999996660003,2.7889e-12,1.67e-06,1.66999721107e-06,0.00000000,False,r
Kryukov2009European1800,R1,1.65671521329e-06,1.10447761803e-06,d,1.5,ns,872.0,0.999997780001,1.2321e-12,1.11e-06,1.10999876792e-06,0.00116962,False,r
Kryukov2009European1800,R1,2.57012026196e-05,1.71343298188e-05,d,1.5,ns,873.0,0.999965560297,2.965284e-10,1.722e-05,1.72197034819e-05,0.00000000,False,r
Kryukov2009European1800,R1,4.97013841178e-06,3.31343289034e-06,d,1.5,ns,878.0,0.999993340011,1.10889e-11,3.33e-06,3.32998891114e-06,0.00001141,False,r
Kryukov2009European1800,R1,4.14619320511e-05,2.7641794846e-05,d,1.5,ns,881.0,0.999944440772,7.717284e-10,2.778e-05,2.77792283145e-05,0.00000000,False,r
Kryukov2009European1800,R1,2.49253458667e-06,1.66169155602e-06,d,1.5,ns,905.0,0.999996660003,2.7889e-12,1.67e-06,1.66999721107e-06,0.00000000,False,r
Kryukov2009European1800,R1,3.3999492643e-05,2.26666692227e-05,d,1.5,ns,907.0,0.999954440519,5.189284e-10,2.278e-05,2.27794810953e-05,0.00000000,False,r
Kryukov2009European1800,R1,4.97013841178e-06,3.31343289034e-06,d,1.5,ns,908.0,0.999993340011,1.10889e-11,3.33e-06,3.32998891114e-06,0.00000000,False,r
Kryukov2009European1800,R1,3.89694827254e-05,2.59801028603e-05,d,1.5,ns,916.0,0.999947780682,6.817321e-10,2.611e-05,2.61093183035e-05,0.00000000,False,r
Kryukov2009European1800,R1,1.32685794456e-05,8.84577153354e-06,d,1.5,ns,926.0,0.999982220079,7.90321e-11,8.89e-06,8.88992096934e-06,0.00000000,False,r
Kryukov2009European1800,R1,2.65370043522e-05,1.76915438457e-05,d,1.5,ns,930.0,0.999964440316,3.161284e-10,1.778e-05,1.77796838828e-05,0.00034431,False,r
Kryukov2009European1800,R1,0.000688016089071,0.0004588169677,d,1.5,ns,939.0,0.999077992622,2.126224321e-07,0.00046111,0.000460897573517,0.00271012,False,r
Kryukov2009European1800,R1,2.49253458667e-06,1.66169155602e-06,d,1.5,ns,945.0,0.999996660003,2.7889e-12,1.67e-06,1.66999721107e-06,0.00000000,False,r
Kryukov2009European1800,R1,0.000864507736859,0.000576558867721,d,1.5,ns,962.0,0.998841455751,3.357507136e-07,0.00057944,0.000579104638043,0.00000000,False,r
Kryukov2009European1800,R1,0.000122709808911,8.18109785715e-05,d,1.5,ns,967.0,0.99983556676,6.7601284e-09,8.222e-05,8.22132409831e-05,0.00001474,False,r
Kryukov2009European1800,R1,1.74177772942e-05,1.16119409693e-05,d,1.5,ns,973.0,0.999976660136,1.361889e-10,1.167e-05,1.16698638143e-05,0.00131129,False,r
Kryukov2009European1800,R1,8.29847723777e-06,5.53233846068e-06,d,1.5,ns,980.0,0.999988880031,3.09136e-11,5.56e-06,5.5599690867e-06,0.00000000,False,r
Kryukov2009European1800,R1,2.49253458667e-06,1.66169155602e-06,d,1.5,ns,984.0,0.999996660003,2.7889e-12,1.67e-06,1.66999721107e-06,0.00005823,False,r
Kryukov2009European1800,R1,4.97013841178e-06,3.31343289034e-06,d,1.5,ns,987.0,0.999993340011,1.10889e-11,3.33e-06,3.32998891114e-06,0.00411174,False,r
Kryukov2009European1800,R1,0.000248734038421,0.000165840932848,d,1.5,ns,991.0,0.999666687779,2.77788889e-08,0.00016667,0.000166642230369,0.00171013,False,r
Kryukov2009European1800,R1,5.55508843876e-05,3.70348326942e-05,d,1.5,ns,996.0,0.999925561385,1.3853284e-09,3.722e-05,3.72186147747e-05,0.00000000,False,r
Kryukov2009European1800,R1,0.000300960243119,0.000200666866996,d,1.5,ns,1001.0,0.999596700671,4.06707889e-08,0.00020167,0.00020162934561,0.00122621,False,r
Kryukov2009European1800,R1,0.03511944,0.03511944,d,1.0,ns,1006.0,0.930994495066,0.00123337506591,0.03511944,0.0,0.00000000,False,c
Kryukov2009European1800,R1,7.46266212415e-06,4.97512450132e-06,d,1.5,ns,1008.0,0.999990000025,2.5e-11,5e-06,4.99997500028e-06,0.00000000,False,r
Kryukov2009European1800,R1,1.65671521329e-06,1.10447761803e-06,d,1.5,ns,1011.0,0.999997780001,1.2321e-12,1.11e-06,1.10999876792e-06,0.00153324,False,r
Kryukov2009European1800,R1,4.14924617514e-06,2.7661691922e-06,d,1.5,ns,1012.0,0.999994440008,7.7284e-12,2.78e-06,2.77999227164e-06,0.00810755,False,r
Kryukov2009European1800,R1,9.95518038299e-06,6.6368161396e-06,d,1.5,ns,1013.0,0.999986660044,4.44889e-11,6.67e-06,6.6699555117e-06,0.00000000,False,r
Kryukov2009European1800,R1,5.80595535427e-06,3.87064684071e-06,d,1.5,ns,1014.0,0.999992220015,1.51321e-11,3.89e-06,3.88998486802e-06,0.01793290,False,r
Kryukov2009European1800,R1,1.65671521329e-06,1.10447761803e-06,d,1.5,ns,1020.0,0.999997780001,1.2321e-12,1.11e-06,1.10999876792e-06,0.03631320,False,r
Kryukov2009European1800,R1,3.98052747237e-05,2.65373169364e-05,d,1.5,ns,1027.0,0.999946660711,7.112889e-10,2.667e-05,2.6669288749e-05,0.00027443,False,r
Kryukov2009European1800,R1,1.65671521329e-06,1.10447761803e-06,d,1.5,ns,1044.0,0.999997780001,1.2321e-12,1.11e-06,1.10999876792e-06,0.00013440,False,r
Kryukov2009European1800,R1,6.62684639724e-06,4.4179105449e-06,d,1.5,ns,1049.0,0.99999112002,1.97136e-11,4.44e-06,4.43998028659e-06,0.00002533,False,r
Kryukov2009European1800,R1,4.64318895778e-05,3.09552286478e-05,d,1.5,ns,1053.0,0.999937780968,9.678321e-10,3.111e-05,3.11090322281e-05,0.00667938,False,r
Kryukov2009European1800,R1,0.000150900453264,0.00010060701553,d,1.5,ns,1054.0,0.999797790223,1.02232321e-08,0.00010111,0.000101099778835,0.00000000,False,r
Kryukov2009European1800,R1,8.35820588962e-07,5.5721393194e-07,d,1.5,ns,1058.0,0.99999888,3.136e-13,5.6e-07,5.5999968642e-07,0.00702045,False,r
Kryukov2009European1800,R1,0.000121889001509,8.1263714446e-05,d,1.5,ns,1059.0,0.99983666667,6.6699889e-09,8.167e-05,8.16633311005e-05,0.00000000,False,r
Kryukov2009European1800,R1,2.49253458667e-06,1.66169155602e-06,d,1.5,ns,1068.0,0.999996660003,2.7889e-12,1.67e-06,1.66999721107e-06,0.05452220,False,r
Kryukov2009European1800,R1,0.00133503840457,0.000890551209262,d,1.5,ns,1094.0,0.998210801025,8.01025e-07,0.000895,0.000894200406913,0.00030915,False,r
Kryukov2009European1800,R1,1.65671521329e-06,1.10447761803e-06,d,1.5,ns,1107.0,0.999997780001,1.2321e-12,1.11e-06,1.10999876792e-06,0.00000000,False,r
Kryukov2009European1800,R1,8.35820588962e-07,5.5721393194e-07,d,1.5,ns,1124.0,0.99999888,3.136e-13,5.6e-07,5.5999968642e-07,0.00001168,False,r
Kryukov2009European1800,R1,2.49253458667e-06,1.66169155602e-06,d,1.5,ns,1127.0,0.999996660003,2.7889e-12,1.67e-06,1.66999721107e-06,0.00000000,False,r
Kryukov2009European1800,R1,1.40894651113e-05,9.39303526487e-06,d,1.5,ns,1137.0,0.999981120089,8.91136e-11,9.44e-06,9.43991088811e-06,0.05352730,False,r
Kryukov2009European1800,R1,1.40894651113e-05,9.39303526487e-06,d,1.5,ns,1143.0,0.999981120089,8.91136e-11,9.44e-06,9.43991088811e-06,0.00026086,False,r
Kryukov2009European1800,R1,1.65671521329e-06,1.10447761803e-06,d,1.5,ns,1153.0,0.999997780001,1.2321e-12,1.11e-06,1.10999876792e-06,0.00000000,False,r
Kryukov2009European1800,R1,1.32685794456e-05,8.84577153354e-06,d,1.5,ns,1156.0,0.999982220079,7.90321e-11,8.89e-06,8.88992096934e-06,0.00014625,False,r
Kryukov2009European1800,R1,3.31342801735e-06,2.20895524827e-06,d,1.5,ns,1164.0,0.999995560005,4.9284e-12,2.22e-06,2.21999507168e-06,0.00209514,False,r
Kryukov2009European1800,R1,4.14924617514e-06,2.7661691922e-06,d,1.5,ns,1165.0,0.999994440008,7.7284e-12,2.78e-06,2.77999227164e-06,0.01366540,False,r
Kryukov2009European1800,R1,1.65671521329e-06,1.10447761803e-06,d,1.5,ns,1167.0,0.999997780001,1.2321e-12,1.11e-06,1.10999876792e-06,0.00181333,False,r
Kryukov2009European1800,R1,1.65671521329e-06,1.10447761803e-06,d,1.5,ns,1170.0,0.999997780001,1.2321e-12,1.11e-06,1.10999876792e-06,0.00000000,False,r
Kryukov2009European1800,R1,2.49253458667e-06,1.66169155602e-06,d,1.5,ns,1173.0,0.999996660003,2.7889e-12,1.67e-06,1.66999721107e-06,0.02047690,False,r
Kryukov2009European1800,R1,5.80595535427e-06,3.87064684071e-06,d,1.5,ns,1174.0,0.999992220015,1.51321e-11,3.89e-06,3.88998486802e-06,0.00034794,False,r
Kryukov2009European1800,R1,8.29847723777e-06,5.53233846068e-06,d,1.5,ns,1178.0,0.999988880031,3.09136e-11,5.56e-06,5.5599690867e-06,0.00000000,False,r
Kryukov2009European1800,R1,1.90744671777e-05,1.2716418715e-05,d,1.5,ns,1184.0,0.999974440163,1.633284e-10,1.278e-05,1.27798366758e-05,0.08323540,False,r
Kryukov2009European1800,R1,4.97451825505e-05,3.31641845763e-05,d,1.5,ns,1185.0,0.999933341111,1.1108889e-09,3.333e-05,3.33288891852e-05,0.00000000,False,r
Kryukov2009European1800,R1,8.12508338067e-05,5.4169168827e-05,d,1.5,ns,1188.0,0.999891122964,2.9637136e-09,5.444e-05,5.4437036609e-05,0.00000000,False,r
Kryukov2009European1800,R1,1.65671521329e-06,1.10447761803e-06,d,1.5,ns,1200.0,0.999997780001,1.2321e-12,1.11e-06,1.10999876792e-06,0.00784945,False,r
Kryukov2009European1800,R1,9.11936648473e-06,6.07960217386e-06,d,1.5,ns,1202.0,0.999987780037,3.73321e-11,6.11e-06,6.10996266829e-06,0.00007296,False,r
Kryukov2009European1800,R1,1.65671521329e-06,1.10447761803e-06,d,1.5,ns,1207.0,0.999997780001,1.2321e-12,1.11e-06,1.10999876792e-06,0.00000000,False,r
Kryukov2009European1800,R1,3.89694827254e-05,2.59801028603e-05,d,1.5,ns,1211.0,0.999947780682,6.817321e-10,2.611e-05,2.61093183035e-05,0.00375512,False,r
Kryukov2009European1800,R1,8.29847723777e-06,5.53233846068e-06,d,1.5,ns,1213.0,0.999988880031,3.09136e-11,5.56e-06,5.5599690867e-06,0.00005040,False,r
Kryukov2009European1800,R1,1.65671521329e-06,1.10447761803e-06,d,1.5,ns,1224.0,0.999997780001,1.2321e-12,1.11e-06,1.10999876792e-06,0.08172720,False,r
Kryukov2009European1800,R1,1.24327679782e-05,8.28855755564e-06,d,1.5,ns,1228.0,0.999983340069,6.93889e-11,8.33e-06,8.32993061224e-06,0.00000000,False,r
Kryukov2009European1800,R1,1.65671521329e-06,1.10447761803e-06,d,1.5,ns,1229.0,0.999997780001,1.2321e-12,1.11e-06,1.10999876792e-06,0.00000000,False,r
Kryukov2009European1800,R1,1.57610850016e-05,1.05074632359e-05,d,1.5,ns,1234.0,0.999978880112,1.115136e-10,1.056e-05,1.05598884888e-05,0.00000000,False,r
Kryukov2009European1800,R1,2.49253458667e-06,1.66169155602e-06,d,1.5,ns,1235.0,0.999996660003,2.7889e-12,1.67e-06,1.66999721107e-06,0.08033260,False,r
Kryukov2009European1800,R1,0.000131007392345,8.73433215355e-05,d,1.5,ns,1245.0,0.999824447705,7.7053284e-09,8.778e-05,8.77722960242e-05,0.00139890,False,r
Kryukov2009European1800,R1,8.35820588962e-07,5.5721393194e-07,d,1.5,ns,1248.0,0.99999888,3.136e-13,5.6e-07,5.5999968642e-07,0.00187708,False,r
Kryukov2009European1800,R1,1.65671521329e-06,1.10447761803e-06,d,1.5,ns,1250.0,0.999997780001,1.2321e-12,1.11e-06,1.10999876792e-06,0.00000000,False,r
Kryukov2009European1800,R1,8.35820588962e-07,5.5721393194e-07,d,1.5,ns,1251.0,0.99999888,3.136e-13,5.6e-07,5.5999968642e-07,0.00004257,False,r
Kryukov2009European1800,R1,8.35820588962e-07,5.5721393194e-07,d,1.5,ns,1256.0,0.99999888,3.136e-13,5.6e-07,5.5999968642e-07,0.00019752,False,r
Kryukov2009European1800,R1,9.95518038299e-06,6.6368161396e-06,d,1.5,ns,1258.0,0.999986660044,4.44889e-11,6.67e-06,6.6699555117e-06,0.00000000,False,r
Kryukov2009European1800,R1,8.35820588962e-07,5.5721393194e-07,d,1.5,ns,1262.0,0.99999888,3.136e-13,5.6e-07,5.5999968642e-07,0.00000000,False,r
Kryukov2009European1800,R1,3.15070269909e-05,2.10049773194e-05,d,1.5,ns,1269.0,0.999957780446,4.456321e-10,2.111e-05,2.11095543868e-05,0.00005113,False,r
Kryukov2009European1800,R1,6.62684639724e-06,4.4179105449e-06,d,1.5,ns,1276.0,0.99999112002,1.97136e-11,4.44e-06,4.43998028659e-06,0.00004382,False,r
Kryukov2009European1800,R1,6.62684639724e-06,4.4179105449e-06,d,1.5,ns,1277.0,0.99999112002,1.97136e-11,4.44e-06,4.43998028659e-06,0.00000000,False,r
Kryukov2009European1800,R1,9.11936648473e-06,6.07960217386e-06,d,1.5,ns,1280.0,0.999987780037,3.73321e-11,6.11e-06,6.10996266829e-06,0.00178743,False,r
Kryukov2009European1800,R1,2.4880325321e-05,1.65870660455e-05,d,1.5,ns,1283.0,0.999966660278,2.778889e-10,1.667e-05,1.66697221204e-05,0.00004377,False,r
Kryukov2009European1800,R1,4.97013841178e-06,3.31343289034e-06,d,1.5,ns,1284.0,0.999993340011,1.10889e-11,3.33e-06,3.32998891114e-06,0.05811360,False,r
Kryukov2009European1800,R1,2.49253458667e-06,1.66169155602e-06,d,1.5,ns,1290.0,0.999996660003,2.7889e-12,1.67e-06,1.66999721107e-06,0.00000000,False,r
Kryukov2009European1800,R1,5.80595535427e-06,3.87064684071e-06,d,1.5,ns,1304.0,0.999992220015,1.51321e-11,3.89e-06,3.88998486802e-06,0.00002024,False,r
Kryukov2009European1800,R1,8.29847723777e-06,5.53233846068e-06,d,1.5,ns,1313.0,0.999988880031,3.09136e-11,5.56e-06,5.5599690867e-06,0.00002209,False,r
Kryukov2009European1800,R1,8.29847723777e-06,5.53233846068e-06,d,1.5,ns,1322.0,0.999988880031,3.09136e-11,5.56e-06,5.5599690867e-06,0.00000000,False,r
Kryukov2009European1800,R1,1.90744671777e-05,1.2716418715e-05,d,1.5,ns,1326.0,0.999974440163,1.633284e-10,1.278e-05,1.27798366758e-05,0.00007363,False,r
Kryukov2009European1800,R1,0.000174941790997,0.000116636883601,d,1.5,ns,1329.0,0.999765573741,1.37405284e-08,0.00011722,0.000117206262692,0.00000000,False,r
Kryukov2009European1800,R1,1.24327679782e-05,8.28855755564e-06,d,1.5,ns,1332.0,0.999983340069,6.93889e-11,8.33e-06,8.32993061224e-06,0.00671855,False,r
Kryukov2009European1800,R1,1.24327679782e-05,8.28855755564e-06,d,1.5,ns,1333.0,0.999983340069,6.93889e-11,8.33e-06,8.32993061224e-06,0.00248257,False,r
Kryukov2009European1800,R1,8.29847723777e-06,5.53233846068e-06,d,1.5,ns,1340.0,0.999988880031,3.09136e-11,5.56e-06,5.5599690867e-06,0.00149782,False,r
Kryukov2009European1800,R1,2.65370043522e-05,1.76915438457e-05,d,1.5,ns,1346.0,0.999964440316,3.161284e-10,1.778e-05,1.77796838828e-05,0.00000000,False,r
Kryukov2009European1800,R1,1.57610850016e-05,1.05074632359e-05,d,1.5,ns,1347.0,0.999978880112,1.115136e-10,1.056e-05,1.05598884888e-05,0.00000000,False,r
Kryukov2009European1800,R1,3.31342801735e-06,2.20895524827e-06,d,1.5,ns,1350.0,0.999995560005,4.9284e-12,2.22e-06,2.21999507168e-06,0.00002597,False,r
Kryukov2009European1800,R1,2.49253458667e-06,1.66169155602e-06,d,1.5,ns,1359.0,0.999996660003,2.7889e-12,1.67e-06,1.66999721107e-06,0.00688718,False,r
Kryukov2009European1800,R1,1.49252753628e-05,9.95024924877e-06,d,1.5,ns,1362.0,0.9999800001,1e-10,1e-05,9.99990000195e-06,0.01201880,False,r
Kryukov2009European1800,R1,8.29223551521e-05,5.52835972945e-05,d,1.5,ns,1369.0,0.999888883087,3.0869136e-09,5.556e-05,5.55569134293e-05,0.00002912,False,r
Kryukov2009European1800,R1,1.98953486599e-05,1.32636824673e-05,d,1.5,ns,1372.0,0.999973340178,1.776889e-10,1.333e-05,1.33298223159e-05,0.00000000,False,r
Kryukov2009European1800,R1,8.35820588962e-07,5.5721393194e-07,d,1.5,ns,1373.0,0.99999888,3.136e-13,5.6e-07,5.5999968642e-07,0.00000000,False,r
Kryukov2009European1800,R1,2.49253458667e-06,1.66169155602e-06,d,1.5,ns,1380.0,0.999996660003,2.7889e-12,1.67e-06,1.66999721107e-06,0.09442020,False,r
Kryukov2009European1800,R1,2.49253458667e-06,1.66169155602e-06,d,1.5,ns,1385.0,0.999996660003,2.7889e-12,1.67e-06,1.66999721107e-06,0.00000000,False,r
Kryukov2009European1800,R1,8.29847723777e-06,5.53233846068e-06,d,1.5,ns,1387.0,0.999988880031,3.09136e-11,5.56e-06,5.5599690867e-06,0.00000000,False,r
Kryukov2009European1800,R1,1.65671521329e-06,1.10447761803e-06,d,1.5,ns,1391.0,0.999997780001,1.2321e-12,1.11e-06,1.10999876792e-06,0.07180050,False,r
Kryukov2009European1800,R1,1.65671521329e-06,1.10447761803e-06,d,1.5,ns,1395.0,0.999997780001,1.2321e-12,1.11e-06,1.10999876792e-06,0.02237740,False,r
Kryukov2009European1800,R1,9.36976392469e-05,6.24676811051e-05,d,1.5,ns,1402.0,0.999874443941,3.9413284e-09,6.278e-05,6.27760591665e-05,0.00528960,False,r
Kryukov2009European1800,R1,8.35820588962e-07,5.5721393194e-07,d,1.5,ns,1405.0,0.99999888,3.136e-13,5.6e-07,5.5999968642e-07,0.00000000,False,r
Kryukov2009European1800,R1,4.14924617514e-06,2.7661691922e-06,d,1.5,ns,1412.0,0.999994440008,7.7284e-12,2.78e-06,2.77999227164e-06,0.00007476,False,r
Kryukov2009European1800,R1,1.65671521329e-06,1.10447761803e-06,d,1.5,ns,1413.0,0.999997780001,1.2321e-12,1.11e-06,1.10999876792e-06,0.01463400,False,r
Kryukov2009European1800,R1,9.12053042023e-05,6.08059885436e-05,d,1.5,ns,1414.0,0.999877783734,3.7344321e-09,6.111e-05,6.11062660243e-05,0.00789305,False,r
Kryukov2009European1800,R1,2.57012026196e-05,1.71343298188e-05,d,1.5,ns,1421.0,0.999965560297,2.965284e-10,1.722e-05,1.72197034819e-05,0.00322433,False,r
Kryukov2009European1800,R1,1.49252753628e-05,9.95024924877e-06,d,1.5,ns,1425.0,0.9999800001,1e-10,1e-05,9.99990000195e-06,0.01402710,False,r
Kryukov2009European1800,R1,1.65671521329e-06,1.10447761803e-06,d,1.5,ns,1431.0,0.999997780001,1.2321e-12,1.11e-06,1.10999876792e-06,0.06556180,False,r
Kryukov2009European1800,R1,1.65671521329e-06,1.10447761803e-06,d,1.5,ns,1432.0,0.999997780001,1.2321e-12,1.11e-06,1.10999876792e-06,0.00000000,False,r
Kryukov2009European1800,R1,8.35820588962e-07,5.5721393194e-07,d,1.5,ns,1435.0,0.99999888,3.136e-13,5.6e-07,5.5999968642e-07,0.00635128,False,r
Kryukov2009European1800,R1,3.31342801735e-06,2.20895524827e-06,d,1.5,ns,1436.0,0.999995560005,4.9284e-12,2.22e-06,2.21999507168e-06,0.05125490,False,r
Kryukov2009European1800,R1,2.49253458667e-06,1.66169155602e-06,d,1.5,ns,1444.0,0.999996660003,2.7889e-12,1.67e-06,1.66999721107e-06,0.00928112,False,r
Kryukov2009European1800,R1,8.29847723777e-06,5.53233846068e-06,d,1.5,ns,1446.0,0.999988880031,3.09136e-11,5.56e-06,5.5599690867e-06,0.00000000,False,r
Kryukov2009European1800,R1,2.49253458667e-06,1.66169155602e-06,d,1.5,ns,1448.0,0.999996660003,2.7889e-12,1.67e-06,1.66999721107e-06,0.00973506,False,r
Kryukov2009European1800,R1,7.46266212415e-06,4.97512450132e-06,d,1.5,ns,1449.0,0.999990000025,2.5e-11,5e-06,4.99997500028e-06,0.00000000,False,r
Kryukov2009European1800,R1,4.3939451126e-05,2.92935366075e-05,d,1.5,ns,1453.0,0.999941120867,8.667136e-10,2.944e-05,2.94391333375e-05,0.00005340,False,r
Kryukov2009European1800,R1,8.35820588962e-07,5.5721393194e-07,d,1.5,ns,1456.0,0.99999888,3.136e-13,5.6e-07,5.5999968642e-07,0.01597950,False,r
Kryukov2009European1800,R1,9.95518038299e-06,6.6368161396e-06,d,1.5,ns,1464.0,0.999986660044,4.44889e-11,6.67e-06,6.6699555117e-06,0.00761948,False,r
Kryukov2009European1800,R1,9.95518038299e-06,6.6368161396e-06,d,1.5,ns,1466.0,0.999986660044,4.44889e-11,6.67e-06,6.6699555117e-06,0.01559270,False,r
Kryukov2009European1800,R1,8.35820588962e-07,5.5721393194e-07,d,1.5,ns,1467.0,0.99999888,3.136e-13,5.6e-07,5.5999968642e-07,0.00000000,False,r
Kryukov2009European1800,R1,1.65671521329e-06,1.10447761803e-06,d,1.5,ns,1469.0,0.999997780001,1.2321e-12,1.11e-06,1.10999876792e-06,0.00000000,False,r
Kryukov2009European1800,R1,6.05357050311e-05,4.03582170584e-05,d,1.5,ns,1473.0,0.999918881645,1.6451136e-09,4.056e-05,4.05583550198e-05,0.00000000,False,r
Kryukov2009European1800,R1,2.15520349401e-05,1.4368160231e-05,d,1.5,ns,1480.0,0.999971120209,2.085136e-10,1.444e-05,1.44397914923e-05,0.01178430,False,r
Kryukov2009European1800,R1,1.98953486599e-05,1.32636824673e-05,d,1.5,ns,1501.0,0.999973340178,1.776889e-10,1.333e-05,1.33298223159e-05,0.00000000,False,r
Kryukov2009European1800,R1,7.46266212415e-06,4.97512450132e-06,d,1.5,ns,1502.0,0.999990000025,2.5e-11,5e-06,4.99997500028e-06,0.02294110,False,r
Kryukov2009European1800,R1,0.000123545539475,8.23681929569e-05,d,1.5,ns,1504.0,0.999834446853,6.8525284e-09,8.278e-05,8.27731486059e-05,0.00585272,False,r
Kryukov2009European1800,R1,2.49253458667e-06,1.66169155602e-06,d,1.5,ns,1506.0,0.999996660003,2.7889e-12,1.67e-06,1.66999721107e-06,0.00000000,False,r
Kryukov2009European1800,R1,2.49253458667e-06,1.66169155602e-06,d,1.5,ns,1524.0,0.999996660003,2.7889e-12,1.67e-06,1.66999721107e-06,0.03680910,False,r
Kryukov2009European1800,R1,1.65671521329e-06,1.10447761803e-06,d,1.5,ns,1525.0,0.999997780001,1.2321e-12,1.11e-06,1.10999876792e-06,0.00000000,False,r
Kryukov2009European1800,R1,4.97013841178e-06,3.31343289034e-06,d,1.5,ns,1527.0,0.999993340011,1.10889e-11,3.33e-06,3.32998891114e-06,0.01465920,False,r
Kryukov2009European1800,R1,8.35820588962e-07,5.5721393194e-07,d,1.5,ns,1530.0,0.99999888,3.136e-13,5.6e-07,5.5999968642e-07,0.05513050,False,r
Kryukov2009European1800,R1,1.49252753628e-05,9.95024924877e-06,d,1.5,ns,1534.0,0.9999800001,1e-10,1e-05,9.99990000195e-06,0.00009290,False,r
Kryukov2009European1800,R1,8.35820588962e-07,5.5721393194e-07,d,1.5,ns,1538.0,0.99999888,3.136e-13,5.6e-07,5.5999968642e-07,0.02067000,False,r
Kryukov2009European1800,R1,2.49253458667e-06,1.66169155602e-06,d,1.5,ns,1541.0,0.999996660003,2.7889e-12,1.67e-06,1.66999721107e-06,0.00000000,False,r
Kryukov2009European1800,R1,6.55055793484e-05,4.36716512796e-05,d,1.5,ns,1545.0,0.999912221926,1.9263321e-09,4.389e-05,4.3888073837e-05,0.05097380,False,r
Kryukov2009European1800,R1,8.35820588962e-07,5.5721393194e-07,d,1.5,ns,1546.0,0.99999888,3.136e-13,5.6e-07,5.5999968642e-07,0.00000000,False,r
Kryukov2009European1800,R1,2.49253458667e-06,1.66169155602e-06,d,1.5,ns,1547.0,0.999996660003,2.7889e-12,1.67e-06,1.66999721107e-06,0.00814734,False,r
Kryukov2009European1800,R1,8.29847723777e-06,5.53233846068e-06,d,1.5,ns,1548.0,0.999988880031,3.09136e-11,5.56e-06,5.5599690867e-06,0.00000000,False,r
Kryukov2009European1800,R1,8.35820588962e-07,5.5721393194e-07,d,1.5,ns,1549.0,0.99999888,3.136e-13,5.6e-07,5.5999968642e-07,0.00000000,False,r
Kryukov2009European1800,R1,3.31342801735e-06,2.20895524827e-06,d,1.5,ns,1554.0,0.999995560005,4.9284e-12,2.22e-06,2.21999507168e-06,0.00550127,False,r
Kryukov2009European1800,R1,8.35820588962e-07,5.5721393194e-07,d,1.5,ns,1558.0,0.99999888,3.136e-13,5.6e-07,5.5999968642e-07,0.00293808,False,r
Kryukov2009European1800,R1,1.07760684361e-05,7.18407985867e-06,d,1.5,ns,1575.0,0.999985560052,5.21284e-11,7.22e-06,7.21994787232e-06,0.00000000,False,r
Kryukov2009European1800,R1,0.000120232461134,8.0159235947e-05,d,1.5,ns,1576.0,0.99983888649,6.4899136e-09,8.056e-05,8.05535111319e-05,0.00000000,False,r
Kryukov2009European1800,R1,2.4880325321e-05,1.65870660455e-05,d,1.5,ns,1584.0,0.999966660278,2.778889e-10,1.667e-05,1.66697221204e-05,0.00526872,False,r
Kryukov2009European1800,R1,9.11936648473e-06,6.07960217386e-06,d,1.5,ns,1585.0,0.999987780037,3.73321e-11,6.11e-06,6.10996266829e-06,0.03560410,False,r
Kryukov2009European1800,R1,3.31342801735e-06,2.20895524827e-06,d,1.5,ns,1601.0,0.999995560005,4.9284e-12,2.22e-06,2.21999507168e-06,0.00490141,False,r
Kryukov2009European1800,R1,8.35820588962e-07,5.5721393194e-07,d,1.5,ns,1605.0,0.99999888,3.136e-13,5.6e-07,5.5999968642e-07,0.02779590,False,r
Kryukov2009European1800,R1,2.49253458667e-06,1.66169155602e-06,d,1.5,ns,1608.0,0.999996660003,2.7889e-12,1.67e-06,1.66999721107e-06,0.00003287,False,r
Kryukov2009European1800,R1,1.65671521329e-06,1.10447761803e-06,d,1.5,ns,1609.0,0.999997780001,1.2321e-12,1.11e-06,1.10999876792e-06,0.00000000,False,r
Kryukov2009European1800,R1,4.14924617514e-06,2.7661691922e-06,d,1.5,ns,1613.0,0.999994440008,7.7284e-12,2.78e-06,2.77999227164e-06,0.09139200,False,r
Kryukov2009European1800,R1,0.000155869933386,0.000103920451737,d,1.5,ns,1614.0,0.999791130908,1.09077136e-08,0.00010444,0.000104429094564,0.00971635,False,r
Kryukov2009European1800,R1,4.14924617514e-06,2.7661691922e-06,d,1.5,ns,1619.0,0.999994440008,7.7284e-12,2.78e-06,2.77999227164e-06,0.00000000,False,r
Kryukov2009European1800,R1,4.97013841178e-06,3.31343289034e-06,d,1.5,ns,1621.0,0.999993340011,1.10889e-11,3.33e-06,3.32998891114e-06,0.00000000,False,r
Kryukov2009European1800,R1,8.35820588962e-07,5.5721393194e-07,d,1.5,ns,1630.0,0.99999888,3.136e-13,5.6e-07,5.5999968642e-07,0.00095891,False,r
Kryukov2009European1800,R1,3.73128217739e-05,2.48756249691e-05,d,1.5,ns,1631.0,0.999950000625,6.25e-10,2.5e-05,2.49993750313e-05,0.00000000,False,r
Kryukov2009European1800,R1,8.29847723777e-06,5.53233846068e-06,d,1.5,ns,1641.0,0.999988880031,3.09136e-11,5.56e-06,5.5599690867e-06,0.00000000,False,r
Kryukov2009European1800,R1,3.31342801735e-06,2.20895524827e-06,d,1.5,ns,1644.0,0.999995560005,4.9284e-12,2.22e-06,2.21999507168e-06,0.03003330,False,r
Kryukov2009European1800,R1,0.00745236113206,0.00498464102503,d,1.5,ns,1646.0,0.990006214489,2.50944891136e-05,0.00500944,0.00498459505601,0.00000000,False,r
Kryukov2009European1800,R1,4.14924617514e-06,2.7661691922e-06,d,1.5,ns,1649.0,0.999994440008,7.7284e-12,2.78e-06,2.77999227164e-06,0.00009879,False,r
Kryukov2009European1800,R1,0.000208100395219,0.000138746364428,d,1.5,ns,1650.0,0.999721139444,1.94435136e-08,0.00013944,0.000139420561908,0.00002708,False,r
Kryukov2009European1800,R1,2.57012026196e-05,1.71343298188e-05,d,1.5,ns,1652.0,0.999965560297,2.965284e-10,1.722e-05,1.72197034819e-05,0.00000000,False,r
Kryukov2009European1800,R1,8.35820588962e-07,5.5721393194e-07,d,1.5,ns,1658.0,0.99999888,3.136e-13,5.6e-07,5.5999968642e-07,0.00492750,False,r
Kryukov2009European1800,R1,1.1611881119e-05,7.74129383047e-06,d,1.5,ns,1659.0,0.999984440061,6.05284e-11,7.78e-06,7.77993947257e-06,0.00000000,False,r
Kryukov2009European1800,R1,5.63866642211e-05,3.75920468315e-05,d,1.5,ns,1668.0,0.999924441427,1.4273284e-09,3.778e-05,3.77785727794e-05,0.00000000,False,r
Kryukov2009European1800,R1,5.80595535427e-06,3.87064684071e-06,d,1.5,ns,1669.0,0.999992220015,1.51321e-11,3.89e-06,3.88998486802e-06,0.00200882,False,r
Kryukov2009European1800,R1,1.74177772942e-05,1.16119409693e-05,d,1.5,ns,1672.0,0.999976660136,1.361889e-10,1.167e-05,1.16698638143e-05,0.02004940,False,r
Kryukov2009European1800,R1,2.65370043522e-05,1.76915438457e-05,d,1.5,ns,1673.0,0.999964440316,3.161284e-10,1.778e-05,1.77796838828e-05,0.00172244,False,r
Kryukov2009European1800,R1,8.35820588962e-07,5.5721393194e-07,d,1.5,ns,1683.0,0.99999888,3.136e-13,5.6e-07,5.5999968642e-07,0.00000000,False,r
Kryukov2009European1800,R1,7.46266212415e-06,4.97512450132e-06,d,1.5,ns,1685.0,0.999990000025,2.5e-11,5e-06,4.99997500028e-06,0.00000000,False,r
Kryukov2009European1800,R1,0.000177433942857,0.000118298577086,d,1.5,ns,1690.0,0.999762234135,1.41348321e-08,0.00011889,0.000118875868528,0.00000000,False,r
Kryukov2009European1800,R1,6.62684639724e-06,4.4179105449e-06,d,1.5,ns,1694.0,0.99999112002,1.97136e-11,4.44e-06,4.43998028659e-06,0.01254280,False,r
Kryukov2009European1800,R1,5.80595535427e-06,3.87064684071e-06,d,1.5,ns,1700.0,0.999992220015,1.51321e-11,3.89e-06,3.88998486802e-06,0.00003802,False,r
Kryukov2009European1800,R1,6.62684639724e-06,4.4179105449e-06,d,1.5,ns,1704.0,0.99999112002,1.97136e-11,4.44e-06,4.43998028659e-06,0.00035364,False,r
Kryukov2009European1800,R1,1.1611881119e-05,7.74129383047e-06,d,1.5,ns,1706.0,0.999984440061,6.05284e-11,7.78e-06,7.77993947257e-06,0.00000000,False,r
Kryukov2009European1800,R1,1.823865997e-05,1.21592047157e-05,d,1.5,ns,1707.0,0.999975560149,1.493284e-10,1.222e-05,1.22198506752e-05,0.04975770,False,r
Kryukov2009European1800,R1,1.65671521329e-06,1.10447761803e-06,d,1.5,ns,1714.0,0.999997780001,1.2321e-12,1.11e-06,1.10999876792e-06,0.00000000,False,r
Kryukov2009European1800,R1,1.65671521329e-06,1.10447761803e-06,d,1.5,ns,1718.0,0.999997780001,1.2321e-12,1.11e-06,1.10999876792e-06,0.00086736,False,r
Kryukov2009European1800,R1,4.14924617514e-06,2.7661691922e-06,d,1.5,ns,1720.0,0.999994440008,7.7284e-12,2.78e-06,2.77999227164e-06,0.00002139,False,r
Kryukov2009European1800,R1,8.35820588962e-07,5.5721393194e-07,d,1.5,ns,1726.0,0.99999888,3.136e-13,5.6e-07,5.5999968642e-07,0.00000000,False,r
Kryukov2009European1800,R1,4.72676761014e-05,3.15124427513e-05,d,1.5,ns,1734.0,0.999936661003,1.0029889e-09,3.167e-05,3.16689970747e-05,0.00000000,False,r
Kryukov2009European1800,R1,3.31342801735e-06,2.20895524827e-06,d,1.5,ns,1737.0,0.999995560005,4.9284e-12,2.22e-06,2.21999507168e-06,0.00000000,False,r
Kryukov2009European1800,R1,8.35820588962e-07,5.5721393194e-07,d,1.5,ns,1739.0,0.99999888,3.136e-13,5.6e-07,5.5999968642e-07,0.00022134,False,r
Kryukov2009European1800,R1,7.46266212415e-06,4.97512450132e-06,d,1.5,ns,1746.0,0.999990000025,2.5e-11,5e-06,4.99997500028e-06,0.01087790,False,r
Kryukov2009European1800,R1,1.65671521329e-06,1.10447761803e-06,d,1.5,ns,1749.0,0.999997780001,1.2321e-12,1.11e-06,1.10999876792e-06,0.02421990,False,r
Kryukov2009European1800,R1,2.32236438807e-05,1.54825882573e-05,d,1.5,ns,1754.0,0.999968880242,2.421136e-10,1.556e-05,1.5559757894e-05,0.08548060,False,r
Kryukov2009European1800,R1,8.35820588962e-07,5.5721393194e-07,d,1.5,ns,1755.0,0.99999888,3.136e-13,5.6e-07,5.5999968642e-07,0.00000000,False,r
Kryukov2009European1800,R1,9.11936648473e-06,6.07960217386e-06,d,1.5,ns,1776.0,0.999987780037,3.73321e-11,6.11e-06,6.10996266829e-06,0.00000000,False,r
Kryukov2009European1800,R1,3.56561584129e-05,2.37711470898e-05,d,1.5,ns,1782.0,0.999952220571,5.707321e-10,2.389e-05,2.38894292952e-05,0.00062772,False,r
Kryukov2009European1800,R1,6.96545869475e-05,4.64378216736e-05,d,1.5,ns,1783.0,0.999906662178,2.1780889e-09,4.667e-05,4.66678221144e-05,0.00000000,False,r
Kryukov2009European1800,R1,2.15520349401e-05,1.4368160231e-05,d,1.5,ns,1786.0,0.999971120209,2.085136e-10,1.444e-05,1.44397914923e-05,0.00110531,False,r
Kryukov2009European1800,R1,0.000104472821426,6.96517654291e-05,d,1.5,ns,1790.0,0.9998600049,4.9e-09,7e-05,6.9995100686e-05,0.00517605,False,r
Kryukov2009European1800,R1,1.49252753628e-05,9.95024924877e-06,d,1.5,ns,1796.0,0.9999800001,1e-10,1e-05,9.99990000195e-06,0.03538240,False,r
Kryukov2009European1800,R1,9.95518038299e-06,6.6368161396e-06,d,1.5,ns,1799.0,0.999986660044,4.44889e-11,6.67e-06,6.6699555117e-06,0.00000000,False,r
Kryukov2009European1800,R1,8.35820588962e-07,5.5721393194e-07,d,1.5,ns,1800.0,0.99999888,3.136e-13,5.6e-07,5.5999968642e-07,0.00807306,False,r
